﻿SMSdate,CampaignName,MessageId,MobileNo,Sender,SentDate,DeliveredDate,Message,MessageState,RESPONSE
2023.02.22,,'133022211415320926,919560090951,MiMPvt,22-02-2023 17:11:53,22-02-2023 17:11:55,Dear Customer 242504 is your OTP to participate in the Spin Wheel. MyInboxMedia,DELIVERED,id:133022211415320926 sub:001 dlvrd:001 submit date:230222171153 done date:230222171155 stat:DELIVRD err:0000 text:
2023.02.24,,'138022405273374475,919311227741,MiMPvt,24-02-2023 10:57:33,24-02-2023 10:57:37,Dear Customer 989200 is your OTP to participate in the Spin Wheel. MyInboxMedia,DELIVERED,id:138022405273374475 sub:001 dlvrd:001 submit date:230224105733 done date:230224105737 stat:DELIVRD err:0000 text:
2023.02.24,,'142022405281808463,919311227741,MiMPvt,24-02-2023 10:58:18,24-02-2023 10:58:19,"Dear Customer, you have won 5% off on Voice services in Spin The Wheel Contest. Click https://m1m.io/ED5E578 to claim the offer MyInboxMedia",DELIVERED,id:142022405281808463 sub:001 dlvrd:001 submit date:230224105818 done date:230224105819 stat:DELIVRD err:0000 text:
2023.02.24,,'123022406021886680,919870333974,MiMPvt,24-02-2023 11:32:19,24-02-2023 11:32:21,Dear Customer 688534 is your OTP to participate in the Spin Wheel. MyInboxMedia,DELIVERED,id:123022406021886680 sub:001 dlvrd:001 submit date:230224113218 done date:230224113221 stat:DELIVRD err:0000 text:
2023.02.24,,'127022406025858421,918586086088,MiMPvt,24-02-2023 11:32:58,24-02-2023 11:33:03,Dear Customer 147253 is your OTP to participate in the Spin Wheel. MyInboxMedia,DELIVERED,id:127022406025858421 sub:001 dlvrd:001 submit date:230224113258 done date:230224113303 stat:DELIVRD err:0000 text:
2023.02.24,,'128022406060381443,919870333974,MiMPvt,24-02-2023 11:36:04,24-02-2023 11:36:05,Dear Customer 435412 is your OTP to participate in the Spin Wheel. MyInboxMedia,DELIVERED,id:128022406060381443 sub:001 dlvrd:001 submit date:230224113603 done date:230224113605 stat:DELIVRD err:0000 text:
2023.02.24,,'138022406065962549,918586086088,MiMPvt,24-02-2023 11:36:59,24-02-2023 11:37:02,Dear Customer 148092 is your OTP to participate in the Spin Wheel. MyInboxMedia,DELIVERED,id:138022406065962549 sub:001 dlvrd:001 submit date:230224113659 done date:230224113702 stat:DELIVRD err:0000 text:
2023.02.24,,'139022406071731634,918586086088,MiMPvt,24-02-2023 11:37:17,24-02-2023 11:37:20,"Dear Customer, you have won Roasted Californian Almond Ice cream in Spin The Wheel Contest. Click https://m1m.io/2496D7D to claim the offer MyInboxMedia",FAILED,id:139022406071731634 sub:001 dlvrd:001 submit date:230224113717 done date:230224113720 stat:UNDELIV err:4131 text:
2023.02.24,,'138022406120712723,919870333974,MiMPvt,24-02-2023 11:42:07,24-02-2023 11:42:09,Dear Customer 439571 is your OTP to participate in the Spin Wheel. MyInboxMedia,DELIVERED,id:138022406120712723 sub:001 dlvrd:001 submit date:230224114207 done date:230224114209 stat:DELIVRD err:0000 text:
2023.02.24,,'125022406123708291,919870333974,MiMPvt,24-02-2023 11:42:37,24-02-2023 11:42:40,"Dear Customer, you have won Gulab Jamun Ice Cream in Spin The Wheel Contest. Click  to claim the offer MyInboxMedia",DELIVERED,id:125022406123708291 sub:001 dlvrd:001 submit date:230224114237 done date:230224114240 stat:DELIVRD err:0000 text:
2023.02.24,,'127022406270681798,918595432303,MiMPvt,24-02-2023 11:57:07,24-02-2023 11:57:10,Dear Customer 280774 is your OTP to participate in the Spin Wheel. MyInboxMedia,DELIVERED,id:127022406270681798 sub:001 dlvrd:001 submit date:230224115706 done date:230224115710 stat:DELIVRD err:0000 text:
2023.02.24,,'126022406274385847,918595432303,MiMPvt,24-02-2023 11:57:44,24-02-2023 11:57:49,"Dear Customer, you have won Billionaire Ice Cream in Spin The Wheel Contest. Click  to claim the offer MyInboxMedia",DELIVERED,id:126022406274385847 sub:001 dlvrd:001 submit date:230224115743 done date:230224115748 stat:DELIVRD err:0000 text:
2023.02.24,,'120022406321316791,918864878548,MiMPvt,24-02-2023 12:02:13,24-02-2023 12:02:15,Dear Customer 356292 is your OTP to participate in the Spin Wheel. MyInboxMedia,DELIVERED,id:120022406321316791 sub:001 dlvrd:001 submit date:230224120213 done date:230224120215 stat:DELIVRD err:0000 text:
2023.02.24,,'122022406341042145,919560390505,MiMPvt,24-02-2023 12:04:10,24-02-2023 12:04:13,Dear Customer 172271 is your OTP to participate in the Spin Wheel. MyInboxMedia,FAILED,id:122022406341042145 sub:001 dlvrd:001 submit date:230224120410 done date:230224120413 stat:UNDELIV err:4139 text:
2023.02.24,,'127022406551366092,918586086088,MiMPvt,24-02-2023 12:25:13,24-02-2023 12:25:17,Dear Customer 148092 is your OTP to participate in the Spin Wheel. MyInboxMedia,DELIVERED,id:127022406551366092 sub:001 dlvrd:001 submit date:230224122513 done date:230224122517 stat:DELIVRD err:0000 text:
2023.02.24,,'137022406574277176,918586086088,MiMPvt,24-02-2023 12:27:43,24-02-2023 12:27:45,Dear Customer 148092 is your OTP to participate in the Spin Wheel. MyInboxMedia,DELIVERED,id:137022406574277176 sub:001 dlvrd:001 submit date:230224122742 done date:230224122745 stat:DELIVRD err:0000 text:
2023.02.24,,'127022406583770326,918586086088,MiMPvt,24-02-2023 12:28:37,24-02-2023 12:28:40,Dear Customer 148092 is your OTP to participate in the Spin Wheel. MyInboxMedia,DELIVERED,id:127022406583770326 sub:001 dlvrd:001 submit date:230224122837 done date:230224122840 stat:DELIVRD err:0000 text:
2023.02.24,,'143022406595006399,918586086088,MiMPvt,24-02-2023 12:29:50,24-02-2023 12:29:52,Dear Customer 148092 is your OTP to participate in the Spin Wheel. MyInboxMedia,DELIVERED,id:143022406595006399 sub:001 dlvrd:001 submit date:230224122950 done date:230224122952 stat:DELIVRD err:0000 text:
2023.02.24,,'143022407541883504,919870333974,MiMPvt,24-02-2023 13:24:19,24-02-2023 13:24:20,Dear Customer 108425 is your OTP to participate in the Spin Wheel. MyInboxMedia,DELIVERED,id:143022407541883504 sub:001 dlvrd:001 submit date:230224132418 done date:230224132420 stat:DELIVRD err:0000 text:
2023.02.24,,'134022407584999181,919870333974,MiMPvt,24-02-2023 13:28:50,24-02-2023 13:28:52,Dear Customer 727189 is your OTP to participate in the Spin Wheel. MyInboxMedia,DELIVERED,id:134022407584999181 sub:001 dlvrd:001 submit date:230224132849 done date:230224132852 stat:DELIVRD err:0000 text:
2023.02.24,,'130022407591088014,919870333974,MiMPvt,24-02-2023 13:29:11,24-02-2023 13:29:14,"Dear Customer, you have won Roasted Californian Almond Ice cream in Spin The Wheel Contest. Click https://m1m.io/22E25E5 to claim the offer MyInboxMedia",FAILED,id:130022407591088014 sub:001 dlvrd:001 submit date:230224132910 done date:230224132914 stat:UNDELIV err:4131 text:
2023.02.24,,'143022408043076331,919870333974,MiMPvt,24-02-2023 13:34:31,24-02-2023 13:34:33,Dear Customer 343960 is your OTP to participate in the Spin Wheel. MyInboxMedia,DELIVERED,id:143022408043076331 sub:001 dlvrd:001 submit date:230224133430 done date:230224133433 stat:DELIVRD err:0000 text:
2023.02.24,,'146022408045571264,919870333974,MiMPvt,24-02-2023 13:34:56,24-02-2023 13:34:58,"Dear Customer, you have won Roasted Californian Almond Ice cream in Spin The Wheel Contest. Click https://m1m.io/053C713 to claim the offer MyInboxMedia",FAILED,id:146022408045571264 sub:001 dlvrd:001 submit date:230224133455 done date:230224133458 stat:UNDELIV err:4131 text:
2023.02.24,,'136022408055817698,919870333974,MiMPvt,24-02-2023 13:35:58,24-02-2023 13:36:00,"Dear Customer, 6E96B977FA69 is your voucher code. You can redeem this voucher at our stores or at Mobile app. MyInboxMedia",DELIVERED,id:136022408055817698 sub:001 dlvrd:001 submit date:230224133558 done date:230224133600 stat:DELIVRD err:0000 text:
2023.02.24,,'136022408132653126,919819289897,MiMPvt,24-02-2023 13:43:26,24-02-2023 13:43:28,Dear Customer 673651 is your OTP to participate in the Spin Wheel. MyInboxMedia,DELIVERED,id:136022408132653126 sub:001 dlvrd:001 submit date:230224134326 done date:230224134328 stat:DELIVRD err:0000 text:
2023.02.24,,'136022408342065013,919818269483,MiMPvt,24-02-2023 14:04:20,24-02-2023 14:04:23,Dear Customer 686981 is your OTP to participate in the Spin Wheel. MyInboxMedia,DELIVERED,id:136022408342065013 sub:001 dlvrd:001 submit date:230224140420 done date:230224140423 stat:DELIVRD err:0000 text:
2023.02.24,,'135022408360636308,919311227741,MiMPvt,24-02-2023 14:06:06,24-02-2023 14:06:09,Dear Customer 884855 is your OTP to participate in the Spin Wheel. MyInboxMedia,DELIVERED,id:135022408360636308 sub:001 dlvrd:001 submit date:230224140606 done date:230224140609 stat:DELIVRD err:0000 text:
2023.02.24,,'135022408462887948,918595432303,MiMPvt,24-02-2023 14:16:29,24-02-2023 14:16:33,Dear Customer 396945 is your OTP to participate in the Spin Wheel. MyInboxMedia,DELIVERED,id:135022408462887948 sub:001 dlvrd:001 submit date:230224141628 done date:230224141633 stat:DELIVRD err:0000 text:
2023.02.24,,'139022408473211293,918588849440,MiMPvt,24-02-2023 14:17:32,24-02-2023 14:17:35,Dear Customer 164496 is your OTP to participate in the Spin Wheel. MyInboxMedia,FAILED,id:139022408473211293 sub:001 dlvrd:001 submit date:230224141732 done date:230224141735 stat:UNDELIV err:4139 text:
2023.02.24,,'128022408533571798,919870333974,MiMPvt,24-02-2023 14:23:35,24-02-2023 14:23:37,Dear Customer 425777 is your OTP to participate in the Spin Wheel. MyInboxMedia,DELIVERED,id:128022408533571798 sub:001 dlvrd:001 submit date:230224142335 done date:230224142337 stat:DELIVRD err:0000 text:
2023.02.24,,'139022408540137559,919870333974,MiMPvt,24-02-2023 14:24:01,24-02-2023 14:24:03,"Dear Customer, you have won Billionaire Ice Cream in Spin The Wheel Contest. Click https://m1m.io/106E947 to claim the offer MyInboxMedia",DELIVERED,id:139022408540137559 sub:001 dlvrd:001 submit date:230224142401 done date:230224142403 stat:DELIVRD err:0000 text:
2023.02.24,,'133022408545017516,919870333974,MiMPvt,24-02-2023 14:24:50,24-02-2023 14:24:52,"Dear Customer, 8C5A44C3F7D6 is your voucher code. You can redeem this voucher at our stores or at Mobile app. MyInboxMedia",DELIVERED,id:133022408545017516 sub:001 dlvrd:001 submit date:230224142450 done date:230224142452 stat:DELIVRD err:0000 text:
2023.02.24,,'123022409110706105,919870333974,MiMPvt,24-02-2023 14:41:07,24-02-2023 14:41:10,Dear Customer 373981 is your OTP to participate in the Spin Wheel. MyInboxMedia,DELIVERED,id:123022409110706105 sub:001 dlvrd:001 submit date:230224144107 done date:230224144110 stat:DELIVRD err:0000 text:
2023.02.24,,'146022409114093752,919870333974,MiMPvt,24-02-2023 14:41:41,24-02-2023 14:41:43,"Dear Customer, you have won Gulab Jamun Ice Cream in Spin The Wheel Contest. Click https://m1m.io/2905CD7 to claim the offer MyInboxMedia",DELIVERED,id:146022409114093752 sub:001 dlvrd:001 submit date:230224144140 done date:230224144142 stat:DELIVRD err:0000 text:
2023.02.24,,'135022409123224344,919870333974,MiMPvt,24-02-2023 14:42:32,24-02-2023 14:42:34,"Dear Customer,ABC882F0E5FF is your voucher code. You can redeem this voucher at our stores or at Mobile app. MyInboxMedia",DELIVERED,id:135022409123224344 sub:001 dlvrd:001 submit date:230224144232 done date:230224144234 stat:DELIVRD err:0000 text:
2023.02.24,,'133022409161598216,919819289897,MiMPvt,24-02-2023 14:46:16,24-02-2023 14:46:18,Dear Customer 972589 is your OTP to participate in the Spin Wheel. MyInboxMedia,DELIVERED,id:133022409161598216 sub:001 dlvrd:001 submit date:230224144615 done date:230224144617 stat:DELIVRD err:0000 text:
2023.02.24,,'132022409172821009,919619444654,MiMPvt,24-02-2023 14:47:28,24-02-2023 14:47:29,Dear Customer 540791 is your OTP to participate in the Spin Wheel. MyInboxMedia,DELIVERED,id:132022409172821009 sub:001 dlvrd:001 submit date:230224144728 done date:230224144729 stat:DELIVRD err:0000 text:
2023.02.24,,'134022409172990353,918595432303,MiMPvt,24-02-2023 14:47:30,24-02-2023 14:47:32,Dear Customer 565361 is your OTP to participate in the Spin Wheel. MyInboxMedia,DELIVERED,id:134022409172990353 sub:001 dlvrd:001 submit date:230224144729 done date:230224144732 stat:DELIVRD err:0000 text:
2023.02.24,,'124022409175570359,919619444654,MiMPvt,24-02-2023 14:47:55,24-02-2023 14:47:58,"Dear Customer, you have won Roasted Californian Almond Ice cream in Spin The Wheel Contest. Click https://m1m.io/217EE43 to claim the offer MyInboxMedia",FAILED,id:124022409175570359 sub:001 dlvrd:001 submit date:230224144755 done date:230224144758 stat:UNDELIV err:4131 text:
2023.02.24,,'146022409175650676,918595432303,MiMPvt,24-02-2023 14:47:56,24-02-2023 14:47:59,"Dear Customer, you have won Roasted Californian Almond Ice cream in Spin The Wheel Contest. Click https://m1m.io/BB8D238 to claim the offer MyInboxMedia",FAILED,id:146022409175650676 sub:001 dlvrd:001 submit date:230224144756 done date:230224144759 stat:UNDELIV err:4131 text:
2023.02.24,,'141022409185418408,918595432303,MiMPvt,24-02-2023 14:48:54,24-02-2023 14:48:56,"Dear Customer, 85B28E78A08B is your voucher code. You can redeem this voucher at our stores or at Mobile app. MyInboxMedia",DELIVERED,id:141022409185418408 sub:001 dlvrd:001 submit date:230224144854 done date:230224144856 stat:DELIVRD err:0000 text:
2023.02.24,,'131022409212646449,919311227741,MiMPvt,24-02-2023 14:51:26,24-02-2023 14:51:29,Dear Customer 918539 is your OTP to participate in the Spin Wheel. MyInboxMedia,DELIVERED,id:131022409212646449 sub:001 dlvrd:001 submit date:230224145126 done date:230224145129 stat:DELIVRD err:0000 text:
2023.02.24,,'132022409303436844,919137591374,MiMPvt,24-02-2023 15:00:34,24-02-2023 15:00:37,Dear Customer 226429 is your OTP to participate in the Spin Wheel. MyInboxMedia,DELIVERED,id:132022409303436844 sub:001 dlvrd:001 submit date:230224150034 done date:230224150037 stat:DELIVRD err:0000 text:
2023.02.24,,'140022409305924118,919137591374,MiMPvt,24-02-2023 15:00:59,24-02-2023 15:01:01,"Dear Customer, you have won Butterscotch Ribbon Ice cream in Spin The Wheel Contest. Click https://m1m.io/3CCED47 to claim the offer MyInboxMedia",DELIVERED,id:140022409305924118 sub:001 dlvrd:001 submit date:230224150059 done date:230224150101 stat:DELIVRD err:0000 text:
2023.02.24,,'122022409320218237,919971124414,MiMPvt,24-02-2023 15:02:02,24-02-2023 15:02:23,Dear Customer 534499 is your OTP to participate in the Spin Wheel. MyInboxMedia,DELIVERED,id:122022409320218237 sub:001 dlvrd:001 submit date:230224150202 done date:230224150223 stat:DELIVRD err:0000 text:
2023.02.24,,'146022409324536671,919971124414,MiMPvt,24-02-2023 15:02:45,24-02-2023 15:03:07,"Dear Customer, you have won Lotus Biscoff Ice Cream in Spin The Wheel Contest. Click https://m1m.io/FDE7749 to claim the offer MyInboxMedia",DELIVERED,id:146022409324536671 sub:001 dlvrd:001 submit date:230224150245 done date:230224150307 stat:DELIVRD err:0000 text:
2023.02.24,,'128022409535715168,919870333974,MiMPvt,24-02-2023 15:23:57,24-02-2023 15:23:59,Dear Customer 373981 is your OTP to participate in the Spin Wheel. MyInboxMedia,DELIVERED,id:128022409535715168 sub:001 dlvrd:001 submit date:230224152357 done date:230224152359 stat:DELIVRD err:0000 text:
2023.02.24,,'130022409553631523,919870333974,MiMPvt,24-02-2023 15:25:36,24-02-2023 15:25:39,Dear Customer 373981 is your OTP to participate in the Spin Wheel. MyInboxMedia,DELIVERED,id:130022409553631523 sub:001 dlvrd:001 submit date:230224152536 done date:230224152538 stat:DELIVRD err:0000 text:
2023.02.24,,'127022409575870188,919870333974,MiMPvt,24-02-2023 15:27:58,24-02-2023 15:28:02,Dear Customer 373981 is your OTP to participate in the Spin Wheel. MyInboxMedia,DELIVERED,id:127022409575870188 sub:001 dlvrd:001 submit date:230224152758 done date:230224152802 stat:DELIVRD err:0000 text:
2023.02.24,,'140022410020182694,918586086088,MiMPvt,24-02-2023 15:32:02,24-02-2023 15:32:04,Dear Customer 119723 is your OTP to participate in the Spin Wheel. MyInboxMedia,DELIVERED,id:140022410020182694 sub:001 dlvrd:001 submit date:230224153201 done date:230224153204 stat:DELIVRD err:0000 text:
2023.02.24,,'128022410022718628,918586086088,MiMPvt,24-02-2023 15:32:27,24-02-2023 15:32:29,"Dear Customer, you have won 5% off on Email services in Spin The Wheel Contest. Click https://m1m.io/F4ADACE to claim the offer MyInboxMedia",DELIVERED,id:128022410022718628 sub:001 dlvrd:001 submit date:230224153227 done date:230224153229 stat:DELIVRD err:0000 text:
2023.02.24,,'126022410320353302,918864878548,MiMPvt,24-02-2023 16:02:03,24-02-2023 16:02:06,Dear Customer 101135 is your OTP to participate in the Spin Wheel. MyInboxMedia,DELIVERED,id:126022410320353302 sub:001 dlvrd:001 submit date:230224160203 done date:230224160206 stat:DELIVRD err:0000 text:
2023.02.24,,'143022410541557694,919870333974,MiMPvt,24-02-2023 16:24:15,24-02-2023 16:24:19,Dear Customer 373981 is your OTP to participate in the Spin Wheel. MyInboxMedia,DELIVERED,id:143022410541557694 sub:001 dlvrd:001 submit date:230224162415 done date:230224162419 stat:DELIVRD err:0000 text:
2023.02.24,,'130022410582033857,918864878548,MiMPvt,24-02-2023 16:28:20,24-02-2023 16:28:22,Dear Customer 616708 is your OTP to participate in the Spin Wheel. MyInboxMedia,DELIVERED,id:130022410582033857 sub:001 dlvrd:001 submit date:230224162820 done date:230224162822 stat:DELIVRD err:0000 text:
2023.02.24,,'126022411134973107,918864878548,MiMPvt,24-02-2023 16:43:49,24-02-2023 16:43:51,Dear Customer 125831 is your OTP to participate in the Spin Wheel. MyInboxMedia,DELIVERED,id:126022411134973107 sub:001 dlvrd:001 submit date:230224164349 done date:230224164351 stat:DELIVRD err:0000 text:
2023.02.24,,'132022411272606570,919716167415,MiMPvt,24-02-2023 16:57:26,24-02-2023 16:57:29,Dear Customer 259531 is your OTP to participate in the Spin Wheel. MyInboxMedia,FAILED,id:132022411272606570 sub:001 dlvrd:001 submit date:230224165726 done date:230224165729 stat:UNDELIV err:4139 text:
2023.02.24,,'127022411444030315,918864878548,MiMPvt,24-02-2023 17:14:40,24-02-2023 17:14:42,Dear Customer 866527 is your OTP to participate in the Spin Wheel. MyInboxMedia,DELIVERED,id:127022411444030315 sub:001 dlvrd:001 submit date:230224171440 done date:230224171442 stat:DELIVRD err:0000 text:
2023.02.24,,'133022413253944185,918864878548,MiMPvt,24-02-2023 18:55:39,24-02-2023 18:55:42,Dear Customer 208494 is your OTP to participate in the Spin Wheel. MyInboxMedia,DELIVERED,id:133022413253944185 sub:001 dlvrd:001 submit date:230224185539 done date:230224185542 stat:DELIVRD err:0000 text:
2023.02.24,,'128022413273311259,918864878548,MiMPvt,24-02-2023 18:57:33,24-02-2023 18:57:36,"Dear Customer, you have won Roasted Californian Almond Ice cream in Spin The Wheel Contest. Click https://m1m.io/5C22D9D to claim the offer MyInboxMedia",FAILED,id:128022413273311259 sub:001 dlvrd:001 submit date:230224185733 done date:230224185736 stat:UNDELIV err:4131 text:
2023.02.24,,'140022413280678011,918864878548,MiMPvt,24-02-2023 18:58:07,24-02-2023 18:58:09,"Dear Customer, A8F9FA9C0985 is your voucher code. You can redeem this voucher at our stores or at Mobile app. MyInboxMedia",DELIVERED,id:140022413280678011 sub:001 dlvrd:001 submit date:230224185806 done date:230224185809 stat:DELIVRD err:0000 text:
2023.02.24,,'133022413284980144,919870333974,MiMPvt,24-02-2023 18:58:50,24-02-2023 18:58:52,Dear Customer 639862 is your OTP to participate in the Spin Wheel. MyInboxMedia,DELIVERED,id:133022413284980144 sub:001 dlvrd:001 submit date:230224185849 done date:230224185852 stat:DELIVRD err:0000 text:
2023.02.24,,'127022413465179532,918864878548,MiMPvt,24-02-2023 19:16:52,24-02-2023 19:16:54,Dear Customer 870314 is your OTP to participate in the Spin Wheel. MyInboxMedia,DELIVERED,id:127022413465179532 sub:001 dlvrd:001 submit date:230224191651 done date:230224191654 stat:DELIVRD err:0000 text:
2023.02.24,,'131022413492557459,918864878548,MiMPvt,24-02-2023 19:19:25,24-02-2023 19:19:28,Dear Customer 566054 is your OTP to participate in the Spin Wheel. MyInboxMedia,DELIVERED,id:131022413492557459 sub:001 dlvrd:001 submit date:230224191925 done date:230224191928 stat:DELIVRD err:0000 text:
2023.02.24,,'129022413500265481,918864878548,MiMPvt,24-02-2023 19:20:02,24-02-2023 19:20:05,"Dear Customer, you have won Billionaire Ice Cream in Spin The Wheel Contest. Click https://m1m.io/D29B8EB to claim the offer MyInboxMedia",DELIVERED,id:129022413500265481 sub:001 dlvrd:001 submit date:230224192002 done date:230224192005 stat:DELIVRD err:0000 text:
2023.02.24,,'128022413502439854,918864878548,MiMPvt,24-02-2023 19:20:24,24-02-2023 19:20:27,"Dear Customer, 76C785B3B4D7 is your voucher code. You can redeem this voucher at our stores or at Mobile app. MyInboxMedia",DELIVERED,id:128022413502439854 sub:001 dlvrd:001 submit date:230224192024 done date:230224192027 stat:DELIVRD err:0000 text:
2023.02.24,,'129022413510909702,919870333974,MiMPvt,24-02-2023 19:21:09,24-02-2023 19:21:11,Dear Customer 598114 is your OTP to participate in the Spin Wheel. MyInboxMedia,DELIVERED,id:129022413510909702 sub:001 dlvrd:001 submit date:230224192109 done date:230224192111 stat:DELIVRD err:0000 text:
2023.02.24,,'128022413513849460,919870333974,MiMPvt,24-02-2023 19:21:38,24-02-2023 19:21:41,"Dear Customer, you have won Roasted Californian Almond Ice cream in Spin The Wheel Contest. Click https://m1m.io/DD04BCF to claim the offer MyInboxMedia",FAILED,id:128022413513849460 sub:001 dlvrd:001 submit date:230224192138 done date:230224192141 stat:UNDELIV err:4131 text:
2023.02.24,,'139022413521822110,919870333974,MiMPvt,24-02-2023 19:22:18,24-02-2023 19:22:20,"Dear Customer, 816CEE485D56 is your voucher code. You can redeem this voucher at our stores or at Mobile app. MyInboxMedia",DELIVERED,id:139022413521822110 sub:001 dlvrd:001 submit date:230224192218 done date:230224192220 stat:DELIVRD err:0000 text:
2023.02.24,,'120022413531519877,918864878548,MiMPvt,24-02-2023 19:23:15,24-02-2023 19:23:16,Dear Customer 547379 is your OTP to participate in the Spin Wheel. MyInboxMedia,DELIVERED,id:120022413531519877 sub:001 dlvrd:001 submit date:230224192315 done date:230224192316 stat:DELIVRD err:0000 text:
2023.02.24,,'127022413534854543,918864878548,MiMPvt,24-02-2023 19:23:48,24-02-2023 19:23:51,"Dear Customer, you have won Fresh Very Berry Strawberry Ice cream in Spin The Wheel Contest. Click https://m1m.io/FC30CE8 to claim the offer MyInboxMedia",FAILED,id:127022413534854543 sub:001 dlvrd:001 submit date:230224192348 done date:230224192351 stat:UNDELIV err:4131 text:
2023.02.24,,'139022413540042837,918864878548,MiMPvt,24-02-2023 19:24:00,24-02-2023 19:24:02,"Dear Customer, 6D7D119DA501 is your voucher code. You can redeem this voucher at our stores or at Mobile app. MyInboxMedia",DELIVERED,id:139022413540042837 sub:001 dlvrd:001 submit date:230224192400 done date:230224192402 stat:DELIVRD err:0000 text:
2023.02.24,,'146022413544478404,919870333974,MiMPvt,24-02-2023 19:24:45,24-02-2023 19:24:49,Dear Customer 714064 is your OTP to participate in the Spin Wheel. MyInboxMedia,DELIVERED,id:146022413544478404 sub:001 dlvrd:001 submit date:230224192444 done date:230224192449 stat:DELIVRD err:0000 text:
2023.02.24,,'131022413551609640,919870333974,MiMPvt,24-02-2023 19:25:16,24-02-2023 19:25:18,"Dear Customer, you have won Lotus Biscoff Ice Cream in Spin The Wheel Contest. Click https://m1m.io/1F7BC9C to claim the offer MyInboxMedia",DELIVERED,id:131022413551609640 sub:001 dlvrd:001 submit date:230224192516 done date:230224192518 stat:DELIVRD err:0000 text:
2023.02.24,,'135022413553164454,919870333974,MiMPvt,24-02-2023 19:25:31,24-02-2023 19:25:33,"Dear Customer, 9C5767E4BD1F is your voucher code. You can redeem this voucher at our stores or at Mobile app. MyInboxMedia",DELIVERED,id:135022413553164454 sub:001 dlvrd:001 submit date:230224192531 done date:230224192533 stat:DELIVRD err:0000 text:
2023.02.24,,'132022414102167220,918864878548,MiMPvt,24-02-2023 19:40:21,24-02-2023 19:40:23,Dear Customer 889752 is your OTP to participate in the Spin Wheel. MyInboxMedia,DELIVERED,id:132022414102167220 sub:001 dlvrd:001 submit date:230224194021 done date:230224194023 stat:DELIVRD err:0000 text:
2023.02.27,,'141022711124489202,919560090951,MiMPvt,27-02-2023 16:42:45,27-02-2023 16:48:48,Dear Customer 326736 is your OTP to participate in the Spin Wheel. MyInboxMedia,DELIVERED,id:141022711124489202 sub:001 dlvrd:001 submit date:230227164244 done date:230227164848 stat:DELIVRD err:0000 text:
2023.02.27,,'136022711141222080,919634285184,MiMPvt,27-02-2023 16:44:12,27-02-2023 16:44:15,Dear Customer 133244 is your OTP to participate in the Spin Wheel. MyInboxMedia,DELIVERED,id:136022711141222080 sub:001 dlvrd:001 submit date:230227164412 done date:230227164415 stat:DELIVRD err:0000 text:
2023.02.28,,'131022807584015144,919971102413,MiMPvt,28-02-2023 13:28:40,28-02-2023 13:28:42,Dear Customer 414911 is your OTP to participate in the Spin Wheel. MyInboxMedia,DELIVERED,id:131022807584015144 sub:001 dlvrd:001 submit date:230228132840 done date:230228132842 stat:DELIVRD err:0000 text:
2023.02.28,,'143022807590618526,919971102413,MiMPvt,28-02-2023 13:29:06,28-02-2023 13:29:08,"Dear Customer, you have won Free chatbot with WhatsApp Busines in Spin The Wheel Contest. Click https://m1m.io/CEF4C02 to claim the offer MyInboxMedia",DELIVERED,id:143022807590618526 sub:001 dlvrd:001 submit date:230228132906 done date:230228132908 stat:DELIVRD err:0000 text:
2023.02.28,,'144022807595431781,919971102413,MiMPvt,28-02-2023 13:29:54,28-02-2023 13:29:56,"Dear Customer, 3BA7CE59E045 is your voucher code. You can redeem this voucher at our stores or at Mobile app. MyInboxMedia",DELIVERED,id:144022807595431781 sub:001 dlvrd:001 submit date:230228132954 done date:230228132956 stat:DELIVRD err:0000 text:
2023.02.28,,'124022809075279130,919560396395,MiMPvt,28-02-2023 14:37:53,28-02-2023 14:37:58,Dear Customer 409611 is your OTP to participate in the Spin Wheel. MyInboxMedia,DELIVERED,id:124022809075279130 sub:001 dlvrd:001 submit date:230228143752 done date:230228143757 stat:DELIVRD err:0000 text:
2023.02.28,,'134022809081588932,919560396395,MiMPvt,28-02-2023 14:38:16,28-02-2023 14:38:25,"Dear Customer, you have won 10% off on minimum billing of Rs. 50000 in Spin The Wheel Contest. Click https://m1m.io/341389A to claim the offer MyInboxMedia",DELIVERED,id:134022809081588932 sub:001 dlvrd:001 submit date:230228143815 done date:230228143825 stat:DELIVRD err:0000 text:
2023.03.01,a5,'EC5E666F-6808-45C7-8BF7-D94D52,919716167415,APLOFR,01-03-2023 12:00:36,01-03-2023 12:00:36,"This Diwali, gift good health! Choose Health Devices, BP Monitor, Glucometer, Weighing Scale & more. Find at an Apollo Pharmacy near you {#var#}",FAILED,id:EC5E666F-6808-45C7-8BF7-D94D522969A8 sub:001 dlvrd:000 submit date:230301120036 done date:230301120036 stat:DND err:103 text:
2023.03.01,a5,'16506154248756721-3b92d3de,919311227741,APLOFR,01-03-2023 12:00:37,01-03-2023 12:00:44,"This Diwali, gift good health! Choose Health Devices, BP Monitor, Glucometer, Weighing Scale & more. Find at an Apollo Pharmacy near you {#var#}",DELIVERED,"id:16506154248756721-3b92d3de sub:001 dlvrd:001 submit date:230301120039 done date:230301120041 stat:DELIVRD err:000 text:This Diwali, gift go"
2023.03.01,a5,'16506154415806220-d02d680,919870333929,APLOFR,01-03-2023 12:00:37,01-03-2023 12:00:42,"This Diwali, gift good health! Choose Health Devices, BP Monitor, Glucometer, Weighing Scale & more. Find at an Apollo Pharmacy near you {#var#}",DELIVERED,"id:16506154415806220-d02d680 sub:001 dlvrd:001 submit date:230301120039 done date:230301120040 stat:DELIVRD err:000 text:This Diwali, gift go"
2023.03.01,a5,'16506157286709120-3bfc5ff7,919870333974,APLOFR,01-03-2023 12:00:40,01-03-2023 12:00:47,"This Diwali, gift good health! Choose Health Devices, BP Monitor, Glucometer, Weighing Scale & more. Find at an Apollo Pharmacy near you {#var#}",DELIVERED,"id:16506157286709120-3bfc5ff7 sub:001 dlvrd:001 submit date:230301120042 done date:230301120043 stat:DELIVRD err:000 text:This Diwali, gift go"
2023.03.01,,'143030110024917672,918700741241,MiMPvt,01-03-2023 15:32:49,01-03-2023 15:32:51,Dear Customer 664749 is your OTP to participate in the Spin Wheel. MyInboxMedia,DELIVERED,id:143030110024917672 sub:001 dlvrd:001 submit date:230301153249 done date:230301153251 stat:DELIVRD err:0000 text:
2023.03.01,,'126030110032819860,919968773226,MiMPvt,01-03-2023 15:33:28,01-03-2023 15:33:30,Dear Customer 744676 is your OTP to participate in the Spin Wheel. MyInboxMedia,DELIVERED,id:126030110032819860 sub:001 dlvrd:001 submit date:230301153328 done date:230301153330 stat:DELIVRD err:0000 text:
2023.03.01,,'130030110033894482,918802654140,MiMPvt,01-03-2023 15:33:39,01-03-2023 15:33:41,Dear Customer 601277 is your OTP to participate in the Spin Wheel. MyInboxMedia,DELIVERED,id:130030110033894482 sub:001 dlvrd:001 submit date:230301153338 done date:230301153340 stat:DELIVRD err:0000 text:
2023.03.01,,'135030110035862446,918802654140,MiMPvt,01-03-2023 15:33:58,01-03-2023 15:34:01,"Dear Customer, you have won 5% off on Email services in Spin The Wheel Contest. Click https://m1m.io/01453A9 to claim the offer MyInboxMedia",DELIVERED,id:135030110035862446 sub:001 dlvrd:001 submit date:230301153358 done date:230301153401 stat:DELIVRD err:0000 text:
2023.03.01,,'125030110041696957,917551189803,MiMPvt,01-03-2023 15:34:17,01-03-2023 15:34:19,Dear Customer 358351 is your OTP to participate in the Spin Wheel. MyInboxMedia,DELIVERED,id:125030110041696957 sub:001 dlvrd:001 submit date:230301153416 done date:230301153419 stat:DELIVRD err:0000 text:
2023.03.01,,'141030110045226756,918700741241,MiMPvt,01-03-2023 15:34:52,01-03-2023 15:34:54,Dear Customer 664749 is your OTP to participate in the Spin Wheel. MyInboxMedia,DELIVERED,id:141030110045226756 sub:001 dlvrd:001 submit date:230301153452 done date:230301153454 stat:DELIVRD err:0000 text:
2023.03.01,,'127030110045389339,917551189803,MiMPvt,01-03-2023 15:34:54,01-03-2023 15:34:56,"Dear Customer, you have won 15% off on Custom Software solutions in Spin The Wheel Contest. Click https://m1m.io/049227F to claim the offer MyInboxMedia",DELIVERED,id:127030110045389339 sub:001 dlvrd:001 submit date:230301153453 done date:230301153456 stat:DELIVRD err:0000 text:
2023.03.01,,'126030110052934656,918700741241,MiMPvt,01-03-2023 15:35:29,01-03-2023 15:35:31,"Dear Customer, you have won Free chatbot with WhatsApp Busines in Spin The Wheel Contest. Click https://m1m.io/9DAC7B2 to claim the offer MyInboxMedia",DELIVERED,id:126030110052934656 sub:001 dlvrd:001 submit date:230301153529 done date:230301153531 stat:DELIVRD err:0000 text:
2023.03.01,,'120030110074490214,919971314617,MiMPvt,01-03-2023 15:37:45,01-03-2023 15:37:51,Dear Customer 212382 is your OTP to participate in the Spin Wheel. MyInboxMedia,DELIVERED,id:120030110074490214 sub:001 dlvrd:001 submit date:230301153744 done date:230301153747 stat:DELIVRD err:0000 text:
2023.03.01,,'134030110080352487,919971314617,MiMPvt,01-03-2023 15:38:03,01-03-2023 15:38:05,"Dear Customer, you have won Free chatbot with WhatsApp Busines in Spin The Wheel Contest. Click https://m1m.io/9BDB9D9 to claim the offer MyInboxMedia",DELIVERED,id:134030110080352487 sub:001 dlvrd:001 submit date:230301153803 done date:230301153805 stat:DELIVRD err:0000 text:
2023.03.01,,'142030110080642068,919792696780,MiMPvt,01-03-2023 15:38:06,01-03-2023 15:38:08,Dear Customer 308296 is your OTP to participate in the Spin Wheel. MyInboxMedia,DELIVERED,id:142030110080642068 sub:001 dlvrd:001 submit date:230301153806 done date:230301153808 stat:DELIVRD err:0000 text:
2023.03.01,,'143030110082123048,919792696780,MiMPvt,01-03-2023 15:38:21,01-03-2023 15:38:23,Dear Customer 308296 is your OTP to participate in the Spin Wheel. MyInboxMedia,DELIVERED,id:143030110082123048 sub:001 dlvrd:001 submit date:230301153821 done date:230301153823 stat:DELIVRD err:0000 text:
2023.03.01,,'126030110083298817,919971314617,MiMPvt,01-03-2023 15:38:33,01-03-2023 15:38:34,"Dear Customer, 27490EC09F81 is your voucher code. You can redeem this voucher at our stores or at Mobile app. MyInboxMedia",DELIVERED,id:126030110083298817 sub:001 dlvrd:001 submit date:230301153832 done date:230301153834 stat:DELIVRD err:0000 text:
2023.03.01,,'131030110102113774,919519371328,MiMPvt,01-03-2023 15:40:21,01-03-2023 15:40:23,Dear Customer 976907 is your OTP to participate in the Spin Wheel. MyInboxMedia,DELIVERED,id:131030110102113774 sub:001 dlvrd:001 submit date:230301154021 done date:230301154023 stat:DELIVRD err:0000 text:
2023.03.01,,'142030110104616910,919519371328,MiMPvt,01-03-2023 15:40:46,01-03-2023 15:40:48,"Dear Customer, you have won Free chatbot with WhatsApp Busines in Spin The Wheel Contest. Click https://m1m.io/1A68100 to claim the offer MyInboxMedia",DELIVERED,id:142030110104616910 sub:001 dlvrd:001 submit date:230301154046 done date:230301154048 stat:DELIVRD err:0000 text:
2023.03.01,,'143030110163260002,919870882803,MiMPvt,01-03-2023 15:46:32,01-03-2023 15:46:34,Dear Customer 571699 is your OTP to participate in the Spin Wheel. MyInboxMedia,DELIVERED,id:143030110163260002 sub:001 dlvrd:001 submit date:230301154632 done date:230301154634 stat:DELIVRD err:0000 text:
2023.03.01,,'143030110170558334,919870882803,MiMPvt,01-03-2023 15:47:05,01-03-2023 15:47:07,"Dear Customer, you have won 15% off on Custom Software solutions in Spin The Wheel Contest. Click https://m1m.io/FF39945 to claim the offer MyInboxMedia",DELIVERED,id:143030110170558334 sub:001 dlvrd:001 submit date:230301154705 done date:230301154707 stat:DELIVRD err:0000 text:
2023.03.01,,'122030110224673666,919810482102,MiMPvt,01-03-2023 15:52:46,01-03-2023 15:52:48,Dear Customer 413762 is your OTP to participate in the Spin Wheel. MyInboxMedia,DELIVERED,id:122030110224673666 sub:001 dlvrd:001 submit date:230301155246 done date:230301155248 stat:DELIVRD err:0000 text:
2023.03.01,,'137030110231294938,919810482102,MiMPvt,01-03-2023 15:53:13,01-03-2023 15:53:15,"Dear Customer, you have won Free custom theme for Gamification in Spin The Wheel Contest. Click https://m1m.io/A20041A to claim the offer MyInboxMedia",DELIVERED,id:137030110231294938 sub:001 dlvrd:001 submit date:230301155312 done date:230301155314 stat:DELIVRD err:0000 text:
2023.03.01,,'134030110235768673,919810482102,MiMPvt,01-03-2023 15:53:57,01-03-2023 15:54:00,"Dear Customer, 88857472B71A is your voucher code. You can redeem this voucher at our stores or at Mobile app. MyInboxMedia",DELIVERED,id:134030110235768673 sub:001 dlvrd:001 submit date:230301155357 done date:230301155400 stat:DELIVRD err:0000 text:
2023.03.01,,'142030110461952085,918800553643,MiMPvt,01-03-2023 16:16:19,01-03-2023 16:16:22,Dear Customer 636071 is your OTP to participate in the Spin Wheel. MyInboxMedia,DELIVERED,id:142030110461952085 sub:001 dlvrd:001 submit date:230301161619 done date:230301161622 stat:DELIVRD err:0000 text:
2023.03.01,,'129030110474593356,918800553643,MiMPvt,01-03-2023 16:17:46,01-03-2023 16:17:50,"Dear Customer, you have won 10% off on Trans/ Promo SMS in Spin The Wheel Contest. Click https://m1m.io/BB6ACA3 to claim the offer MyInboxMedia",DELIVERED,id:129030110474593356 sub:001 dlvrd:001 submit date:230301161745 done date:230301161750 stat:DELIVRD err:0000 text:
2023.03.01,,'120030111254176071,917995918972,MiMPvt,01-03-2023 16:55:41,01-03-2023 16:55:44,Dear Customer 504577 is your OTP to participate in the Spin Wheel. MyInboxMedia,DELIVERED,id:120030111254176071 sub:001 dlvrd:001 submit date:230301165541 done date:230301165544 stat:DELIVRD err:0000 text:
2023.03.01,,'136030111260585035,917995918972,MiMPvt,01-03-2023 16:56:06,01-03-2023 16:56:08,"Dear Customer, you have won 15% off on Custom Software solutions in Spin The Wheel Contest. Click https://m1m.io/553BC42 to claim the offer MyInboxMedia",DELIVERED,id:136030111260585035 sub:001 dlvrd:001 submit date:230301165605 done date:230301165608 stat:DELIVRD err:0000 text:
2023.03.01,,'122030111270776314,917995918972,MiMPvt,01-03-2023 16:57:08,01-03-2023 16:57:10,"Dear Customer, 41E30E6DB78D is your voucher code. You can redeem this voucher at our stores or at Mobile app. MyInboxMedia",DELIVERED,id:122030111270776314 sub:001 dlvrd:001 submit date:230301165707 done date:230301165710 stat:DELIVRD err:0000 text:
2023.03.01,,'128030111273691503,917095162779,MiMPvt,01-03-2023 16:57:37,01-03-2023 16:57:39,Dear Customer 791604 is your OTP to participate in the Spin Wheel. MyInboxMedia,DELIVERED,id:128030111273691503 sub:001 dlvrd:001 submit date:230301165736 done date:230301165739 stat:DELIVRD err:0000 text:
2023.03.01,,'144030111275297923,919964561985,MiMPvt,01-03-2023 16:57:53,01-03-2023 16:57:54,Dear Customer 615747 is your OTP to participate in the Spin Wheel. MyInboxMedia,DELIVERED,id:144030111275297923 sub:001 dlvrd:001 submit date:230301165752 done date:230301165754 stat:DELIVRD err:0000 text:
2023.03.01,,'139030111281617359,919964561985,MiMPvt,01-03-2023 16:58:16,01-03-2023 16:58:18,"Dear Customer, you have won 10% off on Trans/ Promo SMS in Spin The Wheel Contest. Click https://m1m.io/4E1DDA2 to claim the offer MyInboxMedia",DELIVERED,id:139030111281617359 sub:001 dlvrd:001 submit date:230301165816 done date:230301165817 stat:DELIVRD err:0000 text:
2023.03.01,,'127030113481607365,917428733857,MiMPvt,01-03-2023 19:18:16,01-03-2023 19:18:18,Dear Customer 684988 is your OTP to participate in the Spin Wheel. MyInboxMedia,DELIVERED,id:127030113481607365 sub:001 dlvrd:001 submit date:230301191816 done date:230301191818 stat:DELIVRD err:0000 text:
2023.03.01,,'144030113484114699,917428733857,MiMPvt,01-03-2023 19:18:41,01-03-2023 19:18:43,"Dear Customer, you have won 10% off on minimum billing of Rs. 50000 in Spin The Wheel Contest. Click https://m1m.io/9D322EB to claim the offer MyInboxMedia",DELIVERED,id:144030113484114699 sub:001 dlvrd:001 submit date:230301191841 done date:230301191843 stat:DELIVRD err:0000 text:
2023.03.02,,'144030204132244577,919466683841,MiMPvt,02-03-2023 09:43:22,02-03-2023 09:43:25,Dear Customer 233956 is your OTP to participate in the Spin Wheel. MyInboxMedia,DELIVERED,id:144030204132244577 sub:001 dlvrd:001 submit date:230302094322 done date:230302094325 stat:DELIVRD err:0000 text:
2023.03.02,,'124030204140834403,919466683841,MiMPvt,02-03-2023 09:44:08,02-03-2023 09:44:10,"Dear Customer, you have won 15% off on Custom Software solutions in Spin The Wheel Contest. Click https://m1m.io/59AA0B6 to claim the offer MyInboxMedia",DELIVERED,id:124030204140834403 sub:001 dlvrd:001 submit date:230302094408 done date:230302094410 stat:DELIVRD err:0000 text:
2023.03.02,,'131030207060288552,918377084846,MiMPvt,02-03-2023 12:36:03,02-03-2023 12:36:05,Dear Customer 888730 is your OTP to participate in the Spin Wheel. MyInboxMedia,DELIVERED,id:131030207060288552 sub:001 dlvrd:001 submit date:230302123602 done date:230302123605 stat:DELIVRD err:0000 text:
2023.03.02,,'138030207061748582,918377084846,MiMPvt,02-03-2023 12:36:17,02-03-2023 13:21:26,"Dear Customer, you have won 5% off on Voice services in Spin The Wheel Contest. Click https://m1m.io/286F18B to claim the offer MyInboxMedia",FAILED,id:138030207061748582 sub:001 dlvrd:001 submit date:230302123617 done date:230302132126 stat:EXPIRED err:0006 text:
2023.03.02,,'136030208125424586,919958827512,MiMPvt,02-03-2023 13:42:54,02-03-2023 13:42:57,Dear Customer 849858 is your OTP to participate in the Spin Wheel. MyInboxMedia,DELIVERED,id:136030208125424586 sub:001 dlvrd:001 submit date:230302134254 done date:230302134257 stat:DELIVRD err:0000 text:
2023.03.02,,'140030208131744321,919958827512,MiMPvt,02-03-2023 13:43:17,02-03-2023 13:43:20,"Dear Customer, you have won Free chatbot with WhatsApp Busines in Spin The Wheel Contest. Click https://m1m.io/79696D2 to claim the offer MyInboxMedia",DELIVERED,id:140030208131744321 sub:001 dlvrd:001 submit date:230302134317 done date:230302134320 stat:DELIVRD err:0000 text:
2023.03.02,,'135030208134922384,919958827512,MiMPvt,02-03-2023 13:43:49,02-03-2023 13:43:52,"Dear Customer, 09C36722F90E is your voucher code. You can redeem this voucher at our stores or at Mobile app. MyInboxMedia",DELIVERED,id:135030208134922384 sub:001 dlvrd:001 submit date:230302134349 done date:230302134352 stat:DELIVRD err:0000 text:
2023.03.02,,'142030211284552293,919260953492,MiMPvt,02-03-2023 16:58:45,02-03-2023 16:58:47,Dear Customer 473906 is your OTP to participate in the Spin Wheel. MyInboxMedia,DELIVERED,id:142030211284552293 sub:001 dlvrd:001 submit date:230302165845 done date:230302165847 stat:DELIVRD err:0000 text:
2023.03.03,,'124030306225303273,919697645423,MiMPvt,03-03-2023 11:52:53,03-03-2023 11:52:55,Dear Customer 474694 is your OTP to participate in the Spin Wheel. MyInboxMedia,DELIVERED,id:124030306225303273 sub:001 dlvrd:001 submit date:230303115253 done date:230303115255 stat:DELIVRD err:0000 text:
2023.03.03,,'135030306232738586,919697645423,MiMPvt,03-03-2023 11:53:27,03-03-2023 11:53:31,"Dear Customer, you have won Free custom theme for Gamification in Spin The Wheel Contest. Click https://m1m.io/23B9C60 to claim the offer MyInboxMedia",DELIVERED,id:135030306232738586 sub:001 dlvrd:001 submit date:230303115327 done date:230303115331 stat:DELIVRD err:0000 text:
2023.03.03,,'146030308233334405,919730521817,MiMPvt,03-03-2023 13:53:33,03-03-2023 13:53:35,Dear Customer 581742 is your OTP to participate in the Spin Wheel. MyInboxMedia,DELIVERED,id:146030308233334405 sub:001 dlvrd:001 submit date:230303135333 done date:230303135335 stat:DELIVRD err:0000 text:
2023.03.03,,'122030308242737482,919730521817,MiMPvt,03-03-2023 13:54:27,03-03-2023 13:54:29,"Dear Customer, you have won Free chatbot with WhatsApp Busines in Spin The Wheel Contest. Click https://m1m.io/D7C17D4 to claim the offer MyInboxMedia",DELIVERED,id:122030308242737482 sub:001 dlvrd:001 submit date:230303135427 done date:230303135429 stat:DELIVRD err:0000 text:
2023.03.03,,'125030312090996280,919560396390,MiMPvt,03-03-2023 17:39:10,03-03-2023 17:40:12,Dear Customer 791286 is your OTP to participate in the Spin Wheel. MyInboxMedia,DELIVERED,id:125030312090996280 sub:001 dlvrd:001 submit date:230303173909 done date:230303174012 stat:DELIVRD err:0000 text:
2023.03.03,,'126030312101829677,919560396390,MiMPvt,03-03-2023 17:40:18,03-03-2023 17:40:21,Dear Customer 791286 is your OTP to participate in the Spin Wheel. MyInboxMedia,DELIVERED,id:126030312101829677 sub:001 dlvrd:001 submit date:230303174018 done date:230303174021 stat:DELIVRD err:0000 text:
2023.03.03,,'139030312104675463,919560396390,MiMPvt,03-03-2023 17:40:46,03-03-2023 17:40:49,"Dear Customer, you have won Free chatbot with WhatsApp Busines in Spin The Wheel Contest. Click https://m1m.io/3D12986 to claim the offer MyInboxMedia",DELIVERED,id:139030312104675463 sub:001 dlvrd:001 submit date:230303174046 done date:230303174049 stat:DELIVRD err:0000 text:
2023.03.03,,'146030312112222642,919560396390,MiMPvt,03-03-2023 17:41:22,03-03-2023 17:41:25,"Dear Customer, 13499E7F45A7 is your voucher code. You can redeem this voucher at our stores or at Mobile app. MyInboxMedia",DELIVERED,id:146030312112222642 sub:001 dlvrd:001 submit date:230303174122 done date:230303174125 stat:DELIVRD err:0000 text:
2023.03.05,,'138030505531199024,919999248902,MiMPvt,05-03-2023 11:23:12,05-03-2023 11:23:13,Dear Customer 946452 is your OTP to participate in the Spin Wheel. MyInboxMedia,DELIVERED,id:138030505531199024 sub:001 dlvrd:001 submit date:230305112311 done date:230305112313 stat:DELIVRD err:0000 text:
2023.03.05,,'143030505533061090,919999248902,MiMPvt,05-03-2023 11:23:30,05-03-2023 11:23:32,"Dear Customer, you have won 15% off on Custom Software solutions in Spin The Wheel Contest. Click https://m1m.io/1D4B385 to claim the offer MyInboxMedia",DELIVERED,id:143030505533061090 sub:001 dlvrd:001 submit date:230305112330 done date:230305112332 stat:DELIVRD err:0000 text:
2023.03.06,,'134030607221511687,919560090951,MiMPvt,06-03-2023 12:52:15,06-03-2023 12:52:18,Dear Customer 749053 is your OTP to participate in the Spin Wheel. MyInboxMedia,DELIVERED,id:134030607221511687 sub:001 dlvrd:001 submit date:230306125215 done date:230306125218 stat:DELIVRD err:0000 text:
2023.03.06,,'142030607231798854,919821311447,MiMPvt,06-03-2023 12:53:18,06-03-2023 12:53:19,Dear Customer 740034 is your OTP to participate in the Spin Wheel. MyInboxMedia,DELIVERED,id:142030607231798854 sub:001 dlvrd:001 submit date:230306125317 done date:230306125319 stat:DELIVRD err:0000 text:
2023.03.06,,'131030607233721208,919819289897,MiMPvt,06-03-2023 12:53:37,06-03-2023 12:53:41,Dear Customer 684345 is your OTP to participate in the Spin Wheel. MyInboxMedia,DELIVERED,id:131030607233721208 sub:001 dlvrd:001 submit date:230306125337 done date:230306125341 stat:DELIVRD err:0000 text:
2023.03.06,,'137030607241280630,919819289897,MiMPvt,06-03-2023 12:54:13,06-03-2023 12:54:14,"Dear Customer, you have won Gulab Jamun Ice Cream in Spin The Wheel Contest. Click https://m1m.io/254C981 to claim the offer MyInboxMedia",DELIVERED,id:137030607241280630 sub:001 dlvrd:001 submit date:230306125412 done date:230306125414 stat:DELIVRD err:0000 text:
2023.03.09,,'135030910012896326,919836451588,MiMPvt,09-03-2023 15:31:29,09-03-2023 15:31:30,Dear Customer 962682 is your OTP to participate in the Spin Wheel. MyInboxMedia,FAILED,id:135030910012896326 sub:001 dlvrd:001 submit date:230309153128 done date:230309153130 stat:UNDELIV err:0001 text:
2023.03.09,,'135030910022677992,919875680362,MiMPvt,09-03-2023 15:32:27,09-03-2023 15:32:29,Dear Customer 457038 is your OTP to participate in the Spin Wheel. MyInboxMedia,DELIVERED,id:135030910022677992 sub:001 dlvrd:001 submit date:230309153226 done date:230309153229 stat:DELIVRD err:0000 text:
2023.03.09,,'123030910030531625,919875680362,MiMPvt,09-03-2023 15:33:05,09-03-2023 15:33:07,"Dear Customer, you have won 15% off on Custom Software solutions in Spin The Wheel Contest. Click https://m1m.io/F117FAC to claim the offer MyInboxMedia",DELIVERED,id:123030910030531625 sub:001 dlvrd:001 submit date:230309153305 done date:230309153307 stat:DELIVRD err:0000 text:
2023.03.10,,'135031006315136458,919871198422,MiMPvt,10-03-2023 12:01:51,10-03-2023 12:01:59,Dear Customer 505241 is your OTP to participate in the Spin Wheel. MyInboxMedia,DELIVERED,id:135031006315136458 sub:001 dlvrd:001 submit date:230310120151 done date:230310120159 stat:DELIVRD err:0000 text:
2023.03.10,,'130031010154408670,918056983720,MiMPvt,10-03-2023 15:45:44,10-03-2023 15:45:48,Dear Customer 534802 is your OTP to participate in the Spin Wheel. MyInboxMedia,DELIVERED,id:130031010154408670 sub:001 dlvrd:001 submit date:230310154544 done date:230310154548 stat:DELIVRD err:0000 text:
2023.03.10,,'131031010162237443,918056983720,MiMPvt,10-03-2023 15:46:22,10-03-2023 15:46:26,"Dear Customer, you have won 10% off on Trans/ Promo SMS in Spin The Wheel Contest. Click https://m1m.io/AD079B3 to claim the offer MyInboxMedia",DELIVERED,id:131031010162237443 sub:001 dlvrd:001 submit date:230310154622 done date:230310154626 stat:DELIVRD err:0000 text:
2023.03.13,,'137031307123093981,919500187335,MiMPvt,13-03-2023 12:42:31,13-03-2023 12:42:33,Dear Customer 522350 is your OTP to participate in the Spin Wheel. MyInboxMedia,DELIVERED,id:137031307123093981 sub:001 dlvrd:001 submit date:230313124230 done date:230313124233 stat:DELIVRD err:0000 text:
2023.03.13,,'132031307130586209,919500187335,MiMPvt,13-03-2023 12:43:06,13-03-2023 12:43:09,"Dear Customer, you have won 5% off on Email services in Spin The Wheel Contest. Click https://m1m.io/C741EA7 to claim the offer MyInboxMedia",DELIVERED,id:132031307130586209 sub:001 dlvrd:001 submit date:230313124305 done date:230313124308 stat:DELIVRD err:0000 text:
2023.03.13,,'144031311035355139,919260953492,MiMPvt,13-03-2023 16:33:53,13-03-2023 16:33:55,Dear Customer 954233 is your OTP to participate in the Spin Wheel. MyInboxMedia,DELIVERED,id:144031311035355139 sub:001 dlvrd:001 submit date:230313163353 done date:230313163355 stat:DELIVRD err:0000 text:
2023.03.13,,'129031311560249410,918147067151,MiMPvt,13-03-2023 17:26:02,13-03-2023 17:26:09,Dear Customer 781522 is your OTP to participate in the Spin Wheel. MyInboxMedia,DELIVERED,id:129031311560249410 sub:001 dlvrd:001 submit date:230313172602 done date:230313172609 stat:DELIVRD err:0000 text:
2023.03.13,,'146031311564337535,918147067151,MiMPvt,13-03-2023 17:26:43,13-03-2023 17:26:50,"Dear Customer, you have won Free custom theme for Gamification in Spin The Wheel Contest. Click https://m1m.io/234A1AF to claim the offer MyInboxMedia",DELIVERED,id:146031311564337535 sub:001 dlvrd:001 submit date:230313172643 done date:230313172650 stat:DELIVRD err:0000 text:
2023.03.15,,'S85330185-0283-499e-9012-31576,918864878548,MiMPvt,15-03-2023 11:06:49,15-03-2023 11:06:50,Dear Customer 702342 is your OTP to participate in the Spin Wheel. MyInboxMedia,DELIVERED,id:S85330185-0283-499e-9012-315760caa951 sub:001 dlvrd:001 submit date:230315110649 done date:230315110650 stat:DELIVRD err:0000 text:
2023.03.15,,'122031505383477965,918864878548,MiMPvt,15-03-2023 11:08:35,15-03-2023 11:08:36,"Dear Customer, 1013208VMY5 is your voucher code. You can redeem this voucher at our stores or at Mobile app. MyInboxMedia",DELIVERED,id:122031505383477965 sub:001 dlvrd:001 submit date:230315110834 done date:230315110836 stat:DELIVRD err:0000 text:
2023.03.15,,'Saf64a124-f028-4564-9264-48f26,918864878548,MiMPvt,15-03-2023 11:55:53,15-03-2023 11:55:55,Dear Customer 607962 is your OTP to participate in the Spin Wheel. MyInboxMedia,DELIVERED,id:Saf64a124-f028-4564-9264-48f263a516fd sub:001 dlvrd:001 submit date:230315115553 done date:230315115555 stat:DELIVRD err:0000 text:
2023.03.15,,'128031506264311279,918864878548,MiMPvt,15-03-2023 11:56:43,15-03-2023 11:56:44,"Dear Customer, 10132099TQ2 is your voucher code. You can redeem this voucher at our stores or at Mobile app. MyInboxMedia",DELIVERED,id:128031506264311279 sub:001 dlvrd:001 submit date:230315115643 done date:230315115644 stat:DELIVRD err:0000 text:
2023.03.15,,'Sac888b49-099c-4a6d-8090-5f807,918864878548,MiMPvt,15-03-2023 12:29:02,15-03-2023 12:29:04,Dear Customer 801389 is your OTP to participate in the Spin Wheel. MyInboxMedia,DELIVERED,id:Sac888b49-099c-4a6d-8090-5f807dfaca3c sub:001 dlvrd:001 submit date:230315122902 done date:230315122903 stat:DELIVRD err:0000 text:
2023.03.15,,'S6b4c95db-4ff2-487b-846d-d7478,918864878548,MiMPvt,15-03-2023 12:35:16,15-03-2023 12:35:18,Dear Customer 987614 is your OTP to participate in the Spin Wheel. MyInboxMedia,DELIVERED,id:S6b4c95db-4ff2-487b-846d-d7478451740c sub:001 dlvrd:001 submit date:230315123516 done date:230315123518 stat:DELIVRD err:0000 text:
2023.03.15,,'141031507055489477,918864878548,MiMPvt,15-03-2023 12:35:55,15-03-2023 12:35:57,"Dear Customer, 10132077975 is your voucher code. You can redeem this voucher at our stores or at Mobile app. MyInboxMedia",DELIVERED,id:141031507055489477 sub:001 dlvrd:001 submit date:230315123554 done date:230315123556 stat:DELIVRD err:0000 text:
2023.03.15,,'S81e2185f-42df-43d2-b26d-da0c6,918864878548,MiMPvt,15-03-2023 13:04:08,15-03-2023 13:04:10,Dear Customer 644957 is your OTP to participate in the Spin Wheel. MyInboxMedia,DELIVERED,id:S81e2185f-42df-43d2-b26d-da0c61e67434 sub:001 dlvrd:001 submit date:230315130408 done date:230315130410 stat:DELIVRD err:0000 text:
2023.03.15,,'S2bc309f1-264a-4c9c-a192-9c616,918864878548,MiMPvt,15-03-2023 13:06:19,15-03-2023 13:06:20,Dear Customer 818310 is your OTP to participate in the Spin Wheel. MyInboxMedia,DELIVERED,id:S2bc309f1-264a-4c9c-a192-9c6161e6c298 sub:001 dlvrd:001 submit date:230315130619 done date:230315130620 stat:DELIVRD err:0000 text:
2023.03.15,,'S3d91a77a-8640-4471-aa41-e5e75,918864878548,MiMPvt,15-03-2023 13:22:13,15-03-2023 13:22:15,Dear Customer 255572 is your OTP to participate in the Spin Wheel. MyInboxMedia,DELIVERED,id:S3d91a77a-8640-4471-aa41-e5e751311698 sub:001 dlvrd:001 submit date:230315132213 done date:230315132215 stat:DELIVRD err:0000 text:
2023.03.15,,'Sbdada2de-aa62-47a7-82de-646f5,918864878548,MiMPvt,15-03-2023 13:24:59,15-03-2023 13:25:00,Dear Customer 411757 is your OTP to participate in the Spin Wheel. MyInboxMedia,DELIVERED,id:Sbdada2de-aa62-47a7-82de-646f5e70691b sub:001 dlvrd:001 submit date:230315132459 done date:230315132500 stat:DELIVRD err:0000 text:
2023.03.15,,'120031507562993333,918864878548,MiMPvt,15-03-2023 13:26:30,15-03-2023 13:26:31,"Dear Customer, 1013204XIZ5 is your voucher code. You can redeem this voucher at our stores or at Mobile app. MyInboxMedia",DELIVERED,id:120031507562993333 sub:001 dlvrd:001 submit date:230315132629 done date:230315132631 stat:DELIVRD err:0000 text:
2023.03.15,,'S78cfea18-e0f0-494c-a84d-74f84,918864878548,MiMPvt,15-03-2023 14:52:58,15-03-2023 14:53:20,Dear Customer 691711 is your OTP to participate in the Spin Wheel. MyInboxMedia,FAILED,id:S78cfea18-e0f0-494c-a84d-74f84057d4d3 sub:001 dlvrd:001 submit date:230315145258 done date:230315145320 stat:UNDELIV err:0032 text:
2023.03.15,,'S28023367-8e01-48a4-a8ed-f0abd,918864878548,MiMPvt,15-03-2023 15:04:12,15-03-2023 15:04:33,Dear Customer 254758 is your OTP to participate in the Spin Wheel. MyInboxMedia,FAILED,id:S28023367-8e01-48a4-a8ed-f0abd787c940 sub:001 dlvrd:001 submit date:230315150412 done date:230315150433 stat:UNDELIV err:0032 text:
2023.03.15,,'S7fb41206-b78a-45c1-9076-b60a3,918864878548,MiMPvt,15-03-2023 15:20:36,15-03-2023 15:20:38,Dear Customer 488339 is your OTP to participate in the Spin Wheel. MyInboxMedia,DELIVERED,id:S7fb41206-b78a-45c1-9076-b60a35530266 sub:001 dlvrd:001 submit date:230315152036 done date:230315152038 stat:DELIVRD err:0000 text:
2023.03.15,,'Se0f2e809-298c-468b-abb3-42d37,918864878548,MiMPvt,15-03-2023 17:33:18,15-03-2023 17:33:20,Dear Customer 605618 is your OTP to participate in the Spin Wheel. MyInboxMedia,DELIVERED,id:Se0f2e809-298c-468b-abb3-42d372eeb638 sub:001 dlvrd:001 submit date:230315173318 done date:230315173320 stat:DELIVRD err:0000 text:
2023.03.15,,'132031512405487088,918882414713,AAAASD,15-03-2023 18:10:55,15-03-2023 18:10:58,"Dear Customer, Your Honda car service is overdue by more than 236809 days. Click to register for service",FAILED,id:132031512405487088 sub:001 dlvrd:001 submit date:230315181054 done date:230315181058 stat:UNDELIV err:4121 text:
2023.03.15,,'133031512440338540,918882414713,AAAASD,15-03-2023 18:14:03,15-03-2023 18:14:06,"Dear Customer, Your Honda car service is overdue by more than 236809 days. Click to register for service",FAILED,id:133031512440338540 sub:001 dlvrd:001 submit date:230315181403 done date:230315181406 stat:UNDELIV err:4121 text:
2023.03.15,,'137031512441561334,918941963741,AAAASD,15-03-2023 18:14:15,15-03-2023 18:14:18,"Dear Customer, Your Honda car service is overdue by more than 236809 days. Click to register for service",FAILED,id:137031512441561334 sub:001 dlvrd:001 submit date:230315181415 done date:230315181418 stat:UNDELIV err:4121 text:
2023.03.15,,'144031512444848226,918864878548,AAAASD,15-03-2023 18:14:48,15-03-2023 18:14:51,"Dear Customer, Your Honda car service is overdue by more than 236809 days. Click to register for service",FAILED,id:144031512444848226 sub:001 dlvrd:001 submit date:230315181448 done date:230315181451 stat:UNDELIV err:4121 text:
2023.03.15,,'S0b795009-5f64-4178-adc3-8cb8c,918864878548,MiMPvt,15-03-2023 19:05:13,15-03-2023 19:05:15,Dear Customer 524955 is your OTP to participate in the Spin Wheel. MyInboxMedia,DELIVERED,id:S0b795009-5f64-4178-adc3-8cb8c4c77782 sub:001 dlvrd:001 submit date:230315190513 done date:230315190515 stat:DELIVRD err:0000 text:
2023.03.15,,'S28b101b1-4043-4a77-8210-5b108,918864878548,MiMPvt,15-03-2023 19:05:59,15-03-2023 19:06:00,Dear Customer 982885 is your OTP to participate in the Spin Wheel. MyInboxMedia,DELIVERED,id:S28b101b1-4043-4a77-8210-5b1080be63c3 sub:001 dlvrd:001 submit date:230315190559 done date:230315190600 stat:DELIVRD err:0000 text:
2023.03.15,,'133031513361764963,918864878548,MiMPvt,15-03-2023 19:06:17,15-03-2023 19:06:19,"Dear Customer, 1013203XRS2 is your voucher code. You can redeem this voucher at our stores or at Mobile app. MyInboxMedia",DELIVERED,id:133031513361764963 sub:001 dlvrd:001 submit date:230315190617 done date:230315190619 stat:DELIVRD err:0000 text:
2023.03.16,,'Scc9b2370-8da2-4330-b4f0-31667,918865878658,MiMPvt,16-03-2023 09:43:04,16-03-2023 10:32:04,Dear Customer 159430 is your OTP to participate in the Spin Wheel. MyInboxMedia,FAILED,id:Scc9b2370-8da2-4330-b4f0-316671c8312b sub:001 dlvrd:001 submit date:230316094304 done date:230316103204 stat:EXPIRED err:0502 text:
2023.03.16,,'S80155265-25a4-4d50-946b-982e1,918864878548,MiMPvt,16-03-2023 09:46:06,16-03-2023 09:46:06,Dear Customer 899831 is your OTP to participate in the Spin Wheel. MyInboxMedia,DELIVERED,id:S80155265-25a4-4d50-946b-982e12b2dcf4 sub:001 dlvrd:001 submit date:230316094606 done date:230316094806 stat:DELIVRD err:000 text:
2023.03.16,,'S9beb12fa-c69f-4a2f-a1b4-60e0e,918864878548,MiMPvt,16-03-2023 09:47:36,16-03-2023 10:29:05,Dear Customer 497622 is your OTP to participate in the Spin Wheel. MyInboxMedia,FAILED,id:S9beb12fa-c69f-4a2f-a1b4-60e0ea0d4b55 sub:001 dlvrd:001 submit date:230316094736 done date:230316102904 stat:EXPIRED err:0502 text:
2023.03.16,,'Sbe639a34-e6d6-437b-89f2-ecad5,917499636061,MiMPvt,16-03-2023 09:48:56,16-03-2023 09:48:56,Dear Customer 627207 is your OTP to participate in the Spin Wheel. MyInboxMedia,DELIVERED,id:Sbe639a34-e6d6-437b-89f2-ecad58902d78 sub:001 dlvrd:001 submit date:230316094856 done date:230316095056 stat:DELIVRD err:000 text:
2023.03.16,,'S29a10cf5-ce1f-46da-b05c-f7d64,918864878548,MiMPvt,16-03-2023 10:12:35,16-03-2023 10:12:35,Dear Customer 224437 is your OTP to participate in the Spin Wheel. MyInboxMedia,DELIVERED,id:S29a10cf5-ce1f-46da-b05c-f7d6490cb475 sub:001 dlvrd:001 submit date:230316101235 done date:230316101435 stat:DELIVRD err:000 text:
2023.03.16,,'S3a4e6651-3304-409e-aab4-3674c,918864878548,MiMPvt,16-03-2023 10:34:26,16-03-2023 10:36:08,Dear Customer 378640 is your OTP to participate in the Spin Wheel. MyInboxMedia,FAILED,id:S3a4e6651-3304-409e-aab4-3674cd342a49 sub:001 dlvrd:001 submit date:230316103425 done date:230316103608 stat:EXPIRED err:0502 text:
2023.03.16,,'124031610514912927,919811305285,MiMPvt,16-03-2023 16:21:49,16-03-2023 16:21:52,Dear Customer 795171 is your OTP to participate in the Spin Wheel. MyInboxMedia,FAILED,id:124031610514912927 sub:001 dlvrd:001 submit date:230316162149 done date:230316162152 stat:UNDELIV err:4139 text:
2023.03.16,,'139031610523647044,919811305285,MiMPvt,16-03-2023 16:22:36,16-03-2023 16:22:39,Dear Customer 795171 is your OTP to participate in the Spin Wheel. MyInboxMedia,FAILED,id:139031610523647044 sub:001 dlvrd:001 submit date:230316162236 done date:230316162239 stat:UNDELIV err:4139 text:
2023.03.16,,'140031610533487965,919711251827,MiMPvt,16-03-2023 16:23:35,16-03-2023 16:23:43,Dear Customer 823040 is your OTP to participate in the Spin Wheel. MyInboxMedia,DELIVERED,id:140031610533487965 sub:001 dlvrd:001 submit date:230316162334 done date:230316162343 stat:DELIVRD err:0000 text:
2023.03.16,,'124031611523578764,918872512569,MiMPvt,16-03-2023 17:22:36,16-03-2023 17:22:37,Dear Customer 182573 is your OTP to participate in the Spin Wheel. MyInboxMedia,DELIVERED,id:124031611523578764 sub:001 dlvrd:001 submit date:230316172235 done date:230316172237 stat:DELIVRD err:0000 text:
2023.03.16,,'124031611525710683,918872512569,MiMPvt,16-03-2023 17:22:57,16-03-2023 17:22:59,"Dear Customer, you have won Free custom theme for Gamification in Spin The Wheel Contest. Click https://m1m.io/68275C7 to claim the offer MyInboxMedia",DELIVERED,id:124031611525710683 sub:001 dlvrd:001 submit date:230316172257 done date:230316172259 stat:DELIVRD err:0000 text:
2023.03.20,,'142032009285999049,919560396392,MiMPvt,20-03-2023 14:59:00,20-03-2023 14:59:02,Dear Customer 517509 is your OTP to participate in the Spin Wheel. MyInboxMedia,DELIVERED,id:142032009285999049 sub:001 dlvrd:001 submit date:230320145859 done date:230320145902 stat:DELIVRD err:0000 text:
2023.03.20,,'138032009372397574,918872512569,MiMPvt,20-03-2023 15:07:24,20-03-2023 15:07:26,Dear Customer 614282 is your OTP to participate in the Spin Wheel. MyInboxMedia,DELIVERED,id:138032009372397574 sub:001 dlvrd:001 submit date:230320150723 done date:230320150726 stat:DELIVRD err:0000 text:
2023.03.20,,'131032012280887023,918286527638,MiMPvt,20-03-2023 17:58:09,20-03-2023 17:58:10,Dear Customer 478221 is your OTP to participate in the Spin Wheel. MyInboxMedia,DELIVERED,id:131032012280887023 sub:001 dlvrd:001 submit date:230320175808 done date:230320175810 stat:DELIVRD err:0000 text:
2023.03.20,,'129032012283253002,918286527638,MiMPvt,20-03-2023 17:58:32,20-03-2023 17:58:35,"Dear Customer, you have won 15% off on Custom Software solutions in Spin The Wheel Contest. Click https://m1m.io/E158231 to claim the offer MyInboxMedia",DELIVERED,id:129032012283253002 sub:001 dlvrd:001 submit date:230320175832 done date:230320175834 stat:DELIVRD err:0000 text:
2023.03.20,,'129032012302909005,918286527638,MiMPvt,20-03-2023 18:00:29,20-03-2023 18:00:31,"Dear Customer, D6580BBF07BF is your voucher code. You can redeem this voucher at our stores or at Mobile app. MyInboxMedia",DELIVERED,id:129032012302909005 sub:001 dlvrd:001 submit date:230320180029 done date:230320180031 stat:DELIVRD err:0000 text:
2023.03.21,,'132032108535348251,919718858885,MiMPvt,21-03-2023 14:23:53,21-03-2023 14:23:56,Dear Customer 334168 is your OTP to participate in the Spin Wheel. MyInboxMedia,DELIVERED,id:132032108535348251 sub:001 dlvrd:001 submit date:230321142353 done date:230321142356 stat:DELIVRD err:0000 text:
2023.03.21,,'137032108543950853,919718858885,MiMPvt,21-03-2023 14:24:39,21-03-2023 14:24:43,"Dear Customer, you have won Free custom theme for Gamification in Spin The Wheel Contest. Click https://m1m.io/3D40A6A to claim the offer MyInboxMedia",DELIVERED,id:137032108543950853 sub:001 dlvrd:001 submit date:230321142439 done date:230321142443 stat:DELIVRD err:0000 text:
